"","MARSACO","MARFRAYCO","MARCACO","MARCOCO","MARMOCO","MARPECO"
"abund_null_dev",0.5584442256211,0.555915921875389,0.484546794723836,0.504527786842342,0.602995360298022,0.831905088810025
"PA_null_dev",0.054375346124103,0.0126281960881722,-0.00648484835010652,-0.0108839659869186,0.0138352922110908,0.0782073056637271
"PA_null_devSD",0.050132724018539,0.093415719330584,0.111753017406106,0.0989360848807941,0.0842752343807961,0.118381400566244
